0x221, 0x0
0x221, 0x0
0x221, 0x0
0x221, 0x0
0x221, 0x0
0x221, 0x0
0x221, 0x0
0x221, 0x0
0x221, 0x0
0x221, 0x0
0x221, 0x0
0x221, 0x0
0x221, 0x0
0x221, 0x0
0x221, 0x0
0x221, 0x0
0x221, 0x0
0x221, 0x0
0x221, 0x0
0x221, 0x0
0x221, 0x0
0x221, 0x0
0x221, 0x0
0x221, 0x0
0x221, 0x0
0x221, 0x0
0x221, 0x0
0x221, 0x0
0x221, 0x0
0x221, 0x0
0x221, 0x0
0x221, 0x0
0x221, 0x0
0x221, 0x0
0x221, 0x0
0x221, 0x0
0x221, 0x0
0x221, 0x0
0x221, 0x0
0x221, 0x0
0x221, 0x0
0x221, 0x0
0x221, 0x0
0x221, 0x0
0x221, 0x0
0x221, 0x0
0x221, 0x0
0x221, 0x0
0x221, 0x0
0x221, 0x0
0x221, 0x0
0x221, 0x0
0x221, 0x0
0x221, 0x0
0x221, 0x0
0x221, 0x0
0x221, 0x0
0x221, 0x0
0x221, 0x0
0x221, 0x0
0x221, 0x0
0x221, 0x0
0x221, 0x0
0x221, 0x0
0x221, 0x0
0x221, 0x0
0x221, 0x0
0x221, 0x0
0x221, 0x0
0x221, 0x0
0x221, 0x0
0x221, 0x0
0x221, 0x0
0x221, 0x0
0x221, 0x0
0x221, 0x0
0x221, 0x0
0x221, 0x0
0x221, 0x0
0x221, 0x0
0x221, 0x0
0x221, 0x0
0x221, 0x0
0x221, 0x0
0x221, 0x0
0x221, 0x0
0x221, 0x0
0x221, 0x0
0x221, 0x0
0x221, 0x0
0x221, 0x0
0x221, 0x0
0x221, 0x0
0x221, 0x0
0x221, 0x0
0x221, 0x0
0x221, 0x0
0x221, 0x0
0x221, 0x0
0x221, 0x0
0x221, 0x0
0x221, 0x0
0x221, 0x0
0x221, 0x0
0x221, 0x0
0x221, 0x0
0x221, 0x0
0x221, 0x0
0x221, 0x0
0x221, 0x0
0x221, 0x0
0x221, 0x0
0x221, 0x0
0x221, 0x0
0x221, 0x0
0x221, 0x0
0x221, 0x0
0x221, 0x0
0x221, 0x0
0x221, 0x0
0x221, 0x0
0x221, 0x0
0x221, 0x0
0x221, 0x0
0x221, 0x0
0x221, 0x0
0x221, 0x0
0x221, 0x0
0x221, 0x0
0x221, 0x0
0x221, 0x0
0x221, 0x0
0x221, 0x0
0x221, 0x0
0x221, 0x0
0x221, 0x0
0x221, 0x0
0x221, 0x0
0x221, 0x0
0x221, 0x0
0x221, 0x0
0x221, 0x0
0x221, 0x0
0x221, 0x0
0x221, 0x0
0x221, 0x0
0x221, 0x0
0x221, 0x0
0x221, 0x0
0x221, 0x0
0x221, 0x0
0x221, 0x0
0x221, 0x0
0x221, 0x0
0x221, 0x0
0x221, 0x0
0x221, 0x0
0x221, 0x0
0x221, 0x0
0x221, 0x0
0x221, 0x0
0x221, 0x0
0x221, 0x0
0x221, 0x0
0x221, 0x0
0x221, 0x0
0x221, 0x0
0x221, 0x0
0x221, 0x0
0x221, 0x0
0x221, 0x0
0x221, 0x0
0x221, 0x0
0x221, 0x0
0x221, 0x0
0x221, 0x0
0x221, 0x0
0x221, 0x0
0x221, 0x0
0x221, 0x0
0x221, 0x0
0x221, 0x0
0x221, 0x0
0x221, 0x0
0x221, 0x0
0x221, 0x0
0x221, 0x0
0x221, 0x0
0x221, 0x0
0x221, 0x0
0x221, 0x0
0x221, 0x0
0x221, 0x0
0x221, 0x0
0x221, 0x0
0x221, 0x0
0x221, 0x0
0x221, 0x0
0x221, 0x0
0x221, 0x0
0x221, 0x0
0x221, 0x0
0x221, 0x0
0x221, 0x0
0x221, 0x0
0x221, 0x0
0x221, 0x0
0x221, 0x0
0x221, 0x0
0x221, 0x0
0x221, 0x0
0x221, 0x0
0x221, 0x0
0x221, 0x0
0x221, 0x0
0x221, 0x0
0x221, 0x0
0x221, 0x0
0x221, 0x0
0x221, 0x0
0x221, 0x0
0x221, 0x0
0x221, 0x0
0x221, 0x0
0x221, 0x0
0x221, 0x0
0x221, 0x0
0x221, 0x0
0x221, 0x0
0x221, 0x0
0x221, 0x0
0x221, 0x0
0x221, 0x0
0x221, 0x0
0x221, 0x0
0x221, 0x0
0x221, 0x0
0x221, 0x0
0x221, 0x0
0x221, 0x0
0x221, 0x0
0x221, 0x0
0x221, 0x0
0x221, 0x0
0x221, 0x0
0x221, 0x0
0x221, 0x0
0x221, 0x0
0x221, 0x0
0x221, 0x0
0x221, 0x0
0x221, 0x0
0x221, 0x0
0x221, 0x0
0x221, 0x0
0x221, 0x0
0x221, 0x0
0x221, 0x0
0x221, 0x0
0x221, 0x0
0x221, 0x0
0x221, 0x0
0x221, 0x0
0x221, 0x0
0x221, 0x0
0x221, 0x0
0x221, 0x0
0x221, 0x0
0x221, 0x0
0x221, 0x0
0x221, 0x0
0x221, 0x0
0x221, 0x0
0x221, 0x0
0x221, 0x0
0x221, 0x0
0x221, 0x0
0x221, 0x0
0x221, 0x0
0x221, 0x0
0x221, 0x0
0x221, 0x0
0x221, 0x0
0x221, 0x0
0x221, 0x0
0x221, 0x0
0x221, 0x0
0x221, 0x0
0x221, 0x0
0x221, 0x0
0x221, 0x0
0x221, 0x0
0x221, 0x0
0x221, 0x0
0x221, 0x0
0x221, 0x0
0x221, 0x0
0x221, 0x0
0x221, 0x0
0x221, 0x0
0x221, 0x0
0x221, 0x0
0x221, 0x0
0x221, 0x0
0x221, 0x0
0x221, 0x0
0x221, 0x0
0x221, 0x0
0x221, 0x0
0x221, 0x0
0x221, 0x0
0x221, 0x0
0x221, 0x0
0x221, 0x0
0x221, 0x0
0x221, 0x0
0x221, 0x0
0x221, 0x0
0x221, 0x0
0x221, 0x0
0x221, 0x0
0x221, 0x0
0x221, 0x0
0x221, 0x0
0x221, 0x0
0x221, 0x0
0x221, 0x0
0x221, 0x0
0x221, 0x0
0x221, 0x0
0x221, 0x0
0x221, 0x0
0x221, 0x0
0x221, 0x0
0x221, 0x0
0x221, 0x0
0x221, 0x0
0x221, 0x0
0x221, 0x0
0x221, 0x0
0x221, 0x0
0x221, 0x0
0x221, 0x0
0x221, 0x0
0x221, 0x0
0x221, 0x0
0x221, 0x0
0x221, 0x0
0x221, 0x0
0x221, 0x0
0x221, 0x0
0x221, 0x0
0x221, 0x0
0x221, 0x0
0x221, 0x0
0x221, 0x0
0x221, 0x0
0x221, 0x0
0x221, 0x0
0x221, 0x0
0x221, 0x0
0x221, 0x0
0x221, 0x0
0x221, 0x0
0x221, 0x0
0x221, 0x0
0x221, 0x0
0x221, 0x0
0x221, 0x0
0x221, 0x0
0x221, 0x0
0x221, 0x0
0x221, 0x0
0x221, 0x0
0x221, 0x0
0x221, 0x0
0x221, 0x0
0x221, 0x0
0x221, 0x0
0x221, 0x0
0x221, 0x0
0x221, 0x0
0x221, 0x0
0x221, 0x0
0x221, 0x0
0x221, 0x0
0x221, 0x0
0x221, 0x0
0x221, 0x0
0x221, 0x0
0x221, 0x0
0x221, 0x0
0x221, 0x0
0x221, 0x0
0x221, 0x0
0x221, 0x0
0x221, 0x0
0x221, 0x0
0x221, 0x0
